<?xml version="1.0" encoding="iso-8859-1"?>
<DISS_submission publishing_option="0" embargo_code="0" third_party_search="N">
  <DISS_authorship>
    <DISS_author type="primary">
      <DISS_name>
        <DISS_surname>Adams</DISS_surname>
        <DISS_fname>Hallie</DISS_fname>
        <DISS_middle>Rose</DISS_middle>
        <DISS_suffix/>
        <DISS_affiliation>University of Colorado at Boulder</DISS_affiliation>
      </DISS_name>
      <DISS_contact type="current">
        <DISS_contact_effdt>04/21/2014</DISS_contact_effdt>
        <DISS_phone_fax type="P">
          <DISS_cntry_cd>1</DISS_cntry_cd>
          <DISS_area_code>360</DISS_area_code>
          <DISS_phone_num>9616252</DISS_phone_num>
          <DISS_phone_ext/>
        </DISS_phone_fax>
        <DISS_address>
          <DISS_addrline>611 Cascade Avenue</DISS_addrline>
          <DISS_city>Boulder</DISS_city>
          <DISS_st>CO</DISS_st>
          <DISS_pcode>80302</DISS_pcode>
          <DISS_country>US</DISS_country>
        </DISS_address>
        <DISS_email>hallie.adams@colorado.edu</DISS_email>
      </DISS_contact>
      <DISS_contact type="future">
        <DISS_contact_effdt>04/21/2014</DISS_contact_effdt>
        <DISS_phone_fax type="P">
          <DISS_cntry_cd>1</DISS_cntry_cd>
          <DISS_area_code>360</DISS_area_code>
          <DISS_phone_num>9616252</DISS_phone_num>
          <DISS_phone_ext/>
        </DISS_phone_fax>
        <DISS_address>
          <DISS_addrline>611 Cascade Avenue</DISS_addrline>
          <DISS_city>Boulder</DISS_city>
          <DISS_st>CO</DISS_st>
          <DISS_pcode>80302</DISS_pcode>
          <DISS_country>US</DISS_country>
        </DISS_address>
        <DISS_email>hallie.adams@colorado.edu</DISS_email>
      </DISS_contact>
      <DISS_citizenship>US</DISS_citizenship>
    </DISS_author>
  </DISS_authorship>
  <DISS_description page_count="58" type="masters" external_id="http://dissertations.umi.com/colorado:13159" apply_for_copyright="no">
    <DISS_title>Linking Topography, Hydrology, Climate, and Ecology in Semi-Arid Forests: Within Catchment Annual Tree Growth and Water Use Efficiency</DISS_title>
    <DISS_dates>
      <DISS_comp_date>2014</DISS_comp_date>
      <DISS_accept_date>01/01/2014</DISS_accept_date>
    </DISS_dates>
    <DISS_degree>M.A.</DISS_degree>
    <DISS_institution>
      <DISS_inst_code>0051</DISS_inst_code>
      <DISS_inst_name>University of Colorado at Boulder</DISS_inst_name>
      <DISS_inst_contact>Geography</DISS_inst_contact>
      <DISS_processing_code>N</DISS_processing_code>
    </DISS_institution>
    <DISS_advisor>
      <DISS_name>
        <DISS_surname>Barnard</DISS_surname>
        <DISS_fname>Holly</DISS_fname>
        <DISS_middle>R</DISS_middle>
      </DISS_name>
    </DISS_advisor>
    <DISS_cmte_member>
      <DISS_name>
        <DISS_surname>Veblen</DISS_surname>
        <DISS_fname>Thomas</DISS_fname>
        <DISS_middle>T</DISS_middle>
        <DISS_suffix/>
        <DISS_affiliation/>
      </DISS_name>
    </DISS_cmte_member>
    <DISS_cmte_member>
      <DISS_name>
        <DISS_surname>Doak</DISS_surname>
        <DISS_fname>Daniel</DISS_fname>
        <DISS_middle>F</DISS_middle>
        <DISS_suffix/>
        <DISS_affiliation/>
      </DISS_name>
    </DISS_cmte_member>
    <DISS_categorization>
      <DISS_category>
        <DISS_cat_code>0366</DISS_cat_code>
        <DISS_cat_desc>Geography</DISS_cat_desc>
      </DISS_category>
      <DISS_category>
        <DISS_cat_code>0329</DISS_cat_code>
        <DISS_cat_desc>Ecology</DISS_cat_desc>
      </DISS_category>
      <DISS_category>
        <DISS_cat_code>0388</DISS_cat_code>
        <DISS_cat_desc>Hydrologic sciences</DISS_cat_desc>
      </DISS_category>
      <DISS_keyword>catchment, climate, hydrology, semi-arid, topography, tree-ring</DISS_keyword>
      <DISS_language>en</DISS_language>
    </DISS_categorization>
  </DISS_description>
  <DISS_content>
    <DISS_abstract>
      <DISS_para>Topography and climate play an integral role in the spatial variability and annual dynamics of aboveground carbon sequestration. Topographic, climatic, and hydrologic dynamics interact to drive vegetation spatial distribution, growth patterns, and physiological processes. Despite knowledge of vegetation - climate - topography relationships on the landscape and hillslope scales, little is known about the influence of complex topography coupled with hydrologic and topoclimatic variation on tree growth and physiology at the catchment scale, especially in semi-arid forests. Climate change predictions for the semi-arid west include increased temperatures, more frequent and extreme drought events, and decreases in snowpack, all of which put forests at risk of altered species ranges and physiological processes and enhanced susceptibility to disturbance events. In this study, we determine how species-specific tree growth patterns and water use efficiency respond to interannual climate variability and how this response varies with topographic position. We found that tree growth and water use efficiency respond directly to climatic and topographic parameters and species vary in their response to these parameters. &lt;italic&gt;Pinus contorta&lt;/italic&gt; and &lt;italic&gt;Pinus ponderosa&lt;/italic&gt; both show significant decreases in growth with water-limiting climate conditions. Topographic position mediates this response. Carbon isotope analyses show increased water use efficiency during drought for &lt;italic&gt;Pinus contorta&lt;/italic&gt;, but indicate no significant difference in water use efficiency of &lt;italic&gt;Pinus ponderosa&lt;/italic&gt; between a drought year and a non-drought year. Varying responses from different species and climate conditions indicate that semi-arid forests are especially susceptible to changes and risks posed by climate change and that topographic variability will likely play a significant role in determining the future vegetation patterns of semi-arid systems.</DISS_para>
    </DISS_abstract>
    <DISS_binary type="PDF">Adams_colorado_0051N_13159.pdf</DISS_binary>
  </DISS_content>
  <DISS_restriction/>
  <DISS_repository>
    <DISS_version>2012-08-07 15:18:47</DISS_version>
    <DISS_agreement_decision_date>2014-04-21 20:36:12</DISS_agreement_decision_date>
    <DISS_acceptance>1</DISS_acceptance>
    <DISS_delayed_release/>
    <DISS_access_option/>
  </DISS_repository>
</DISS_submission>
