<?xml version="1.0" encoding="iso-8859-1"?>
<DISS_submission publishing_option="0" embargo_code="0" third_party_search="N">
  <DISS_authorship>
    <DISS_author type="primary">
      <DISS_name>
        <DISS_surname>Brunelle</DISS_surname>
        <DISS_fname>Jone</DISS_fname>
        <DISS_middle>Laura</DISS_middle>
        <DISS_suffix/>
        <DISS_affiliation>University of Colorado at Boulder</DISS_affiliation>
      </DISS_name>
      <DISS_contact type="current">
        <DISS_contact_effdt>04/21/2014</DISS_contact_effdt>
        <DISS_phone_fax type="P">
          <DISS_cntry_cd>1</DISS_cntry_cd>
          <DISS_area_code>434</DISS_area_code>
          <DISS_phone_num>981 6802</DISS_phone_num>
          <DISS_phone_ext/>
        </DISS_phone_fax>
        <DISS_address>
          <DISS_addrline>2985 Aurora Avenue Apt. 325</DISS_addrline>
          <DISS_city>Boulder</DISS_city>
          <DISS_st>CO</DISS_st>
          <DISS_pcode>80303</DISS_pcode>
          <DISS_country>US</DISS_country>
        </DISS_address>
        <DISS_email>jlbrunelle@gmail.com</DISS_email>
      </DISS_contact>
      <DISS_contact type="future">
        <DISS_contact_effdt>05/20/2014</DISS_contact_effdt>
        <DISS_phone_fax type="P">
          <DISS_cntry_cd>1</DISS_cntry_cd>
          <DISS_area_code>434</DISS_area_code>
          <DISS_phone_num>981 6802</DISS_phone_num>
          <DISS_phone_ext/>
        </DISS_phone_fax>
        <DISS_address>
          <DISS_addrline>1327 Pin Oak Court</DISS_addrline>
          <DISS_city>Charlottesville</DISS_city>
          <DISS_st>VA</DISS_st>
          <DISS_pcode>22901</DISS_pcode>
          <DISS_country>US</DISS_country>
        </DISS_address>
        <DISS_email>jlbrunelle@gmail.com</DISS_email>
      </DISS_contact>
      <DISS_citizenship>US</DISS_citizenship>
    </DISS_author>
  </DISS_authorship>
  <DISS_description page_count="108" type="masters" external_id="http://dissertations.umi.com/colorado:13158" apply_for_copyright="no">
    <DISS_title>Rejecting Third Spaces: How first generation immigrants acquire language to perform, not to identify</DISS_title>
    <DISS_dates>
      <DISS_comp_date>2014</DISS_comp_date>
      <DISS_accept_date>01/01/2014</DISS_accept_date>
    </DISS_dates>
    <DISS_degree>M.A.</DISS_degree>
    <DISS_institution>
      <DISS_inst_code>0051</DISS_inst_code>
      <DISS_inst_name>University of Colorado at Boulder</DISS_inst_name>
      <DISS_inst_contact>Communication</DISS_inst_contact>
      <DISS_processing_code>N</DISS_processing_code>
    </DISS_institution>
    <DISS_advisor>
      <DISS_name>
        <DISS_surname>Boromisza-Habashi</DISS_surname>
        <DISS_fname>David</DISS_fname>
        <DISS_middle/>
      </DISS_name>
    </DISS_advisor>
    <DISS_cmte_member>
      <DISS_name>
        <DISS_surname>Tracy</DISS_surname>
        <DISS_fname>Karen</DISS_fname>
        <DISS_middle/>
        <DISS_suffix/>
        <DISS_affiliation/>
      </DISS_name>
    </DISS_cmte_member>
    <DISS_cmte_member>
      <DISS_name>
        <DISS_surname>Flores</DISS_surname>
        <DISS_fname>Lisa</DISS_fname>
        <DISS_middle/>
        <DISS_suffix/>
        <DISS_affiliation/>
      </DISS_name>
    </DISS_cmte_member>
    <DISS_categorization>
      <DISS_category>
        <DISS_cat_code>0459</DISS_cat_code>
        <DISS_cat_desc>Communication</DISS_cat_desc>
      </DISS_category>
      <DISS_keyword>first generation immigrants, hybridity, identity, language acquisition, multilingualism, third space</DISS_keyword>
      <DISS_language>en</DISS_language>
    </DISS_categorization>
  </DISS_description>
  <DISS_content>
    <DISS_abstract>
      <DISS_para>The purpose of this M.A. thesis study is to examine the way in which first generation Spanish-speaking immigrants conceptualize the link between culture, language, and identity, and how they reject third space identity when describing their experiences with acquiring and speaking English and Spanish in the U.S. By conducting a thematic analysis of field notes from adult ESL classrooms and transcribed interviews with ESL students and coordinators, I reveal the tension between the desire to perform a U.S. American identity and the reluctance to embrace or internalize that identity. I propose that first generation immigrants who are actively assimilating talk about culture as mentality, and specifically, reference U.S. mentalities as contradictory to their own. I also posit that individuals make sense of this tension by referring to a split between enacting and claiming an identity, specifically by distinguishing between residing and belonging and public and private languages. Ultimately, immigrants who choose to reject third space identity still face a lived reality in which their foreign status is highlighted in all contexts.</DISS_para>
    </DISS_abstract>
    <DISS_binary type="PDF">Brunelle_colorado_0051N_13158.pdf</DISS_binary>
  </DISS_content>
  <DISS_restriction/>
  <DISS_repository>
    <DISS_version>2012-08-07 15:18:47</DISS_version>
    <DISS_agreement_decision_date>2014-04-21 20:00:47</DISS_agreement_decision_date>
    <DISS_acceptance>1</DISS_acceptance>
    <DISS_delayed_release/>
    <DISS_access_option/>
  </DISS_repository>
</DISS_submission>
