<?xml version="1.0" encoding="iso-8859-1"?>
<DISS_submission publishing_option="0" embargo_code="0" third_party_search="Y">
  <DISS_authorship>
    <DISS_author type="primary">
      <DISS_name>
        <DISS_surname>Seltzer</DISS_surname>
        <DISS_fname>Daniel</DISS_fname>
        <DISS_middle/>
        <DISS_suffix/>
        <DISS_affiliation>University of Colorado at Boulder</DISS_affiliation>
      </DISS_name>
      <DISS_contact type="current">
        <DISS_contact_effdt>04/21/2014</DISS_contact_effdt>
        <DISS_phone_fax type="P">
          <DISS_cntry_cd>1</DISS_cntry_cd>
          <DISS_area_code>303</DISS_area_code>
          <DISS_phone_num>9748348</DISS_phone_num>
          <DISS_phone_ext/>
        </DISS_phone_fax>
        <DISS_address>
          <DISS_addrline>1828 Pine St. #3</DISS_addrline>
          <DISS_city>Boulder</DISS_city>
          <DISS_st>CO</DISS_st>
          <DISS_pcode>80302</DISS_pcode>
          <DISS_country>US</DISS_country>
        </DISS_address>
        <DISS_email>seltzer@colorado.edu</DISS_email>
      </DISS_contact>
      <DISS_contact type="future">
        <DISS_contact_effdt>04/21/2014</DISS_contact_effdt>
        <DISS_phone_fax type="P">
          <DISS_cntry_cd>1</DISS_cntry_cd>
          <DISS_area_code>303</DISS_area_code>
          <DISS_phone_num>9748348</DISS_phone_num>
          <DISS_phone_ext/>
        </DISS_phone_fax>
        <DISS_address>
          <DISS_addrline>1828 Pine St. #3</DISS_addrline>
          <DISS_city>Boulder</DISS_city>
          <DISS_st>CO</DISS_st>
          <DISS_pcode>80302</DISS_pcode>
          <DISS_country>US</DISS_country>
        </DISS_address>
        <DISS_email>seltzer@colorado.edu</DISS_email>
      </DISS_contact>
      <DISS_citizenship>US</DISS_citizenship>
    </DISS_author>
  </DISS_authorship>
  <DISS_description page_count="133" type="doctoral" external_id="http://dissertations.umi.com/colorado:13160" apply_for_copyright="no">
    <DISS_title>Modeling and Control of the Dual Active Bridge Series Resonant Converter</DISS_title>
    <DISS_dates>
      <DISS_comp_date>2014</DISS_comp_date>
      <DISS_accept_date>01/01/2014</DISS_accept_date>
    </DISS_dates>
    <DISS_degree>Ph.D.</DISS_degree>
    <DISS_institution>
      <DISS_inst_code>0051</DISS_inst_code>
      <DISS_inst_name>University of Colorado at Boulder</DISS_inst_name>
      <DISS_inst_contact>Electrical Engineering</DISS_inst_contact>
      <DISS_processing_code>E</DISS_processing_code>
    </DISS_institution>
    <DISS_advisor>
      <DISS_name>
        <DISS_surname>Zane</DISS_surname>
        <DISS_fname>Regan</DISS_fname>
        <DISS_middle/>
      </DISS_name>
    </DISS_advisor>
    <DISS_cmte_member>
      <DISS_name>
        <DISS_surname>Maksimovic</DISS_surname>
        <DISS_fname>Dragan</DISS_fname>
        <DISS_middle/>
        <DISS_suffix/>
        <DISS_affiliation/>
      </DISS_name>
    </DISS_cmte_member>
    <DISS_cmte_member>
      <DISS_name>
        <DISS_surname>Jacobson</DISS_surname>
        <DISS_fname>Boris</DISS_fname>
        <DISS_middle/>
        <DISS_suffix/>
        <DISS_affiliation/>
      </DISS_name>
    </DISS_cmte_member>
    <DISS_cmte_member>
      <DISS_name>
        <DISS_surname>Meyer</DISS_surname>
        <DISS_fname>David</DISS_fname>
        <DISS_middle/>
        <DISS_suffix/>
        <DISS_affiliation/>
      </DISS_name>
    </DISS_cmte_member>
    <DISS_cmte_member>
      <DISS_name>
        <DISS_surname>Shirazi</DISS_surname>
        <DISS_fname>Mariko</DISS_fname>
        <DISS_middle/>
        <DISS_suffix/>
        <DISS_affiliation/>
      </DISS_name>
    </DISS_cmte_member>
    <DISS_categorization>
      <DISS_category>
        <DISS_cat_code>0537</DISS_cat_code>
        <DISS_cat_desc>Engineering</DISS_cat_desc>
      </DISS_category>
      <DISS_category>
        <DISS_cat_code>0544</DISS_cat_code>
        <DISS_cat_desc>Electrical engineering</DISS_cat_desc>
      </DISS_category>
      <DISS_keyword>DCDC Converters, Modeling and Control, Power Electronics</DISS_keyword>
      <DISS_language>en</DISS_language>
    </DISS_categorization>
  </DISS_description>
  <DISS_content>
    <DISS_abstract>
      <DISS_para>As electrical systems increasingly come to dominate modern life, the power conversion technologies that enable these systems to efficiently connect to one another are becoming increasingly important.  With the expanding demand for such technologies in ever diversifying areas, the demands placed on power converters have increased in kind.  One major area of research which has attempted to satisfy this demand is in the class of resonant switching converters, such as the series resonant converter.  Although high efficiencies with extremely high bandwidths and switching frequencies are possible with these converters, the control complexity needed is sometimes prohibitive.</DISS_para>
      <DISS_para>     In this dissertation the theory needed for the modeling and control of one such topology, the dual active bridge series resonant converter (DABSRC), is developed.  The results derived are applicable to a wide range of similar topologies as well, greatly increasing their worth. The theory and control techniques based off of the results presented here help make the DABSRC and similar topologies candidate power conversion technologies for even the most demanding application areas.</DISS_para>
      <DISS_para>     Using a frequency domain approach for the small signal modeling (SSM), a generalized phasor transformer is first derived.  This technique is then applied to the DABSRC in order to demonstrate multi-angle phase shift modulation. The previously derived minimum current trajectories (MCT) are used for power flow control based on the models derived using the generalized phasor transformer.  Due to the variability in response characteristics of the DABSRC when operated along the MCT, gain scheduling control of the DABSRC is next developed.</DISS_para>
      <DISS_para>     Multi-mode control (MMC) is implemented in gain scheduled converter in order to allow power and voltage regulation with smooth mode transitions.  In order to allow zero voltage switching of the DABSRC converter, an in depth analysis of the commonly utilized phase shift modulated (PSM) auxiliary leg technique for zero voltage switching (ZVS) assistance is given.  Finally a digital controller is implemented to control as set of prototype DABSRCs. Each converter module is designed to operate with a nominal 500 V input voltage, and an output voltage ranging from 0 V to 600 V with an average power of 1 kW.</DISS_para>
    </DISS_abstract>
    <DISS_binary type="PDF">Seltzer_colorado_0051E_13160.pdf</DISS_binary>
  </DISS_content>
  <DISS_restriction/>
  <DISS_repository>
    <DISS_version>2012-08-07 15:18:47</DISS_version>
    <DISS_agreement_decision_date>2014-04-21 20:36:24</DISS_agreement_decision_date>
    <DISS_acceptance>1</DISS_acceptance>
    <DISS_delayed_release/>
    <DISS_access_option/>
  </DISS_repository>
</DISS_submission>
